filename,category
16852973,CONSTRUCTION
22323967,CONSTRUCTION
33176873,ACCOUNTANT
27018550,CONSTRUCTION
17812897,CONSTRUCTION
11592605,CONSTRUCTION
25824789,CONSTRUCTION
15375009,CONSTRUCTION
11847784,CONSTRUCTION
32896934,CONSTRUCTION
29149998,CONSTRUCTION
11480899,CONSTRUCTION
23155093,CONSTRUCTION
11763983,CONSTRUCTION
27490876,CONSTRUCTION
32977530,CONSTRUCTION
93002334,CONSTRUCTION
24184357,CONSTRUCTION
73077810,CONSTRUCTION
13879043,DIGITAL-MEDIA
30163002,CONSTRUCTION
18827609,CONSTRUCTION
25676643,CONSTRUCTION
12786012,CONSTRUCTION
87968870,CONSTRUCTION
46258701,CONSTRUCTION
14225422,CONSTRUCTION
29297973,CONSTRUCTION
18334783,CONSTRUCTION
19717385,CONSTRUCTION
49937469,CONSTRUCTION
18316239,CONSTRUCTION
17855844,DIGITAL-MEDIA
57667857,DIGITAL-MEDIA
17422560,CONSTRUCTION
32947778,CONSTRUCTION
23914451,CONSTRUCTION
21265194,CONSTRUCTION
51769822,CONSTRUCTION
19616406,CONSTRUCTION
41523474,CONSTRUCTION
59962788,CONSTRUCTION
86184722,CONSTRUCTION
28419173,CONSTRUCTION
18155310,CONSTRUCTION
26780935,SALES
34554248,CONSTRUCTION
26202430,DIGITAL-MEDIA
19867922,CONSTRUCTION
91930382,CONSTRUCTION
30646367,CONSTRUCTION
39650734,CONSTRUCTION
72231872,CONSTRUCTION
13520837,CONSTRUCTION
18422164,CONSTRUCTION
30862904,CONSTRUCTION
52979663,CONSTRUCTION
28828844,CONSTRUCTION
21830565,DIGITAL-MEDIA
27523575,TEACHER
39081840,CONSTRUCTION
20925036,CONSTRUCTION
15576950,CONSTRUCTION
29564653,CONSTRUCTION
14886205,CONSTRUCTION
17412079,DIGITAL-MEDIA
16861758,CONSTRUCTION
93112113,CONSTRUCTION
15041689,CONSTRUCTION
80162314,CONSTRUCTION
20993320,CONSTRUCTION
14640322,CONSTRUCTION
26289308,CONSTRUCTION
23408537,CONSTRUCTION
28808263,CONSTRUCTION
18084150,CONSTRUCTION
26671167,CONSTRUCTION
44476983,CONSTRUCTION
16877897,ENGINEERING
29091445,CONSTRUCTION
25724495,CONSTRUCTION
24508725,CONSTRUCTION
11698189,CONSTRUCTION
27165830,CONSTRUCTION
47470864,CONSTRUCTION
34740556,CONSTRUCTION
18557164,CONSTRUCTION
19179079,CONSTRUCTION
13376919,CONSTRUCTION
26048718,DIGITAL-MEDIA
17150707,CONSTRUCTION
18297650,ENGINEERING
23510685,CONSTRUCTION
39970711,CONSTRUCTION
20806155,CONSTRUCTION
28640735,CONSTRUCTION
15575117,CONSTRUCTION
27496514,CONSTRUCTION
14256329,CONSTRUCTION
19336728,CONSTRUCTION
10694288,CONSTRUCTION
28175164,CONSTRUCTION
10399912,CONSTRUCTION
20417897,CONSTRUCTION
18731098,CONSTRUCTION
30563572,CONSTRUCTION
24402267,CONSTRUCTION
32308556,CONSTRUCTION
27847081,CONSTRUCTION
25150191,CONSTRUCTION
37058472,AUTOMOBILE
68240723,AUTOMOBILE
76010167,AUTOMOBILE
19164410,AUTOMOBILE
29147100,AUTOMOBILE
25061645,AUTOMOBILE
11919526,AUTOMOBILE
81011612,AUTOMOBILE
11722421,AUTOMOBILE
13774329,AUTOMOBILE
35990852,AUTOMOBILE
36269672,AUTOMOBILE
90066849,AUTOMOBILE
27529455,AUTOMOBILE
85101052,AUTOMOBILE
22567495,AUTOMOBILE
10751444,AUTOMOBILE
11807040,AUTOMOBILE
12415691,AUTOMOBILE
38565119,AUTOMOBILE
21705160,AUTOMOBILE
26496059,AUTOMOBILE
29524570,AUTOMOBILE
15936656,AUTOMOBILE
13557622,AUTOMOBILE
41506705,AUTOMOBILE
32954522,AUTOMOBILE
44185767,AUTOMOBILE
14014749,AUTOMOBILE
34349255,AUTOMOBILE
16288901,AUTOMOBILE
25422388,AUTOMOBILE
22496394,AUTOMOBILE
38744475,AUTOMOBILE
67582956,AUTOMOBILE
26676567,AUTOMOBILE
14724186,AUTOMOBILE
10748989,AUTOMOBILE
26924514,AUTOMOBILE
12674307,AUTOMOBILE
23951429,AUTOMOBILE
26046064,AUTOMOBILE
28326441,AUTOMOBILE
78149576,AUTOMOBILE
17555081,AUTOMOBILE
39776400,AUTOMOBILE
37263609,AUTOMOBILE
13518263,AUTOMOBILE
11155153,AUTOMOBILE
54201930,AUTOMOBILE
10466583,AUTOMOBILE
26790545,AUTOMOBILE
11958994,AUTOMOBILE
30968749,AUTOMOBILE
20932019,AUTOMOBILE
51681660,AUTOMOBILE
34657584,AUTOMOBILE
15471999,AUTOMOBILE
18979238,AUTOMOBILE
26622051,AUTOMOBILE
22675694,AUTOMOBILE
25023614,AUTOMOBILE
20390397,AUTOMOBILE
17199951,AUTOMOBILE
14743911,AUTOMOBILE
24455357,AUTOMOBILE
91153752,AUTOMOBILE
14528265,AUTOMOBILE
18460045,AUTOMOBILE
20986595,AUTOMOBILE
20748926,AUTOMOBILE
32532982,AUTOMOBILE
34317538,AUTOMOBILE
19195747,AUTOMOBILE
12547982,AUTOMOBILE
94417768,AUTOMOBILE
24655918,AUTOMOBILE
27497542,AUTOMOBILE
62312955,AUTOMOBILE
22506245,AUTOMOBILE
28663949,AUTOMOBILE
39434376,AUTOMOBILE
13998435,AUTOMOBILE
30965258,AUTOMOBILE
18835363,AUTOMOBILE
26503829,AUTOMOBILE
18198627,AUTOMOBILE
39252859,AUTOMOBILE
34051710,AUTOMOBILE
37664296,AUTOMOBILE
21916744,AUTOMOBILE
15425154,AUTOMOBILE
24285142,AUTOMOBILE
24583187,AUTOMOBILE
29865476,AUTOMOBILE
25949631,AUTOMOBILE
21283733,AUTOMOBILE
51018476,AUTOMOBILE
13014900,AUTOMOBILE
44145704,AUTOMOBILE
18795567,AUTOMOBILE
42384185,AUTOMOBILE
26942552,AUTOMOBILE
67645662,AUTOMOBILE
34511655,AUTOMOBILE
37695494,AUTOMOBILE
93301686,AUTOMOBILE
36856210,PUBLIC-RELATIONS
21780877,PUBLIC-RELATIONS
33241454,PUBLIC-RELATIONS
25990239,PUBLIC-RELATIONS
16899268,PUBLIC-RELATIONS
91635250,PUBLIC-RELATIONS
19796840,PUBLIC-RELATIONS
15651486,PUBLIC-RELATIONS
52246737,PUBLIC-RELATIONS
12045067,PUBLIC-RELATIONS
13836471,PUBLIC-RELATIONS
14789139,PUBLIC-RELATIONS
36434348,PUBLIC-RELATIONS
27536013,PUBLIC-RELATIONS
18301617,PUBLIC-RELATIONS
24913648,PUBLIC-RELATIONS
26801767,PUBLIC-RELATIONS
27372171,PUBLIC-RELATIONS
91697974,PUBLIC-RELATIONS
28672970,PUBLIC-RELATIONS
66832845,PUBLIC-RELATIONS
25207620,PUBLIC-RELATIONS
41344156,PUBLIC-RELATIONS
68460556,PUBLIC-RELATIONS
10247517,PUBLIC-RELATIONS
25959103,PUBLIC-RELATIONS
13385306,PUBLIC-RELATIONS
38753827,PUBLIC-RELATIONS
17681064,PUBLIC-RELATIONS
25905275,PUBLIC-RELATIONS
11580408,PUBLIC-RELATIONS
19201175,PUBLIC-RELATIONS
12635195,PUBLIC-RELATIONS
32959732,PUBLIC-RELATIONS
17688766,PUBLIC-RELATIONS
20024870,PUBLIC-RELATIONS
22450718,PUBLIC-RELATIONS
46260230,PUBLIC-RELATIONS
10839851,PUBLIC-RELATIONS
18752129,PUBLIC-RELATIONS
37764298,PUBLIC-RELATIONS
90867631,PUBLIC-RELATIONS
17641670,PUBLIC-RELATIONS
24889109,PUBLIC-RELATIONS
24083609,PUBLIC-RELATIONS
24038620,PUBLIC-RELATIONS
29051656,PUBLIC-RELATIONS
20237244,PUBLIC-RELATIONS
20001721,PUBLIC-RELATIONS
92069209,PUBLIC-RELATIONS
13405733,PUBLIC-RELATIONS
28697203,PUBLIC-RELATIONS
28035460,PUBLIC-RELATIONS
21283365,PUBLIC-RELATIONS
17987433,PUBLIC-RELATIONS
10553553,PUBLIC-RELATIONS
15118506,PUBLIC-RELATIONS
18176523,PUBLIC-RELATIONS
24020470,PUBLIC-RELATIONS
70089206,PUBLIC-RELATIONS
27770859,PUBLIC-RELATIONS
57002858,PUBLIC-RELATIONS
13477922,PUBLIC-RELATIONS
28126340,PUBLIC-RELATIONS
37242217,DIGITAL-MEDIA
10089434,PUBLIC-RELATIONS
11957080,PUBLIC-RELATIONS
35325329,PUBLIC-RELATIONS
10840430,PUBLIC-RELATIONS
64017585,PUBLIC-RELATIONS
19850482,PUBLIC-RELATIONS
52618188,PUBLIC-RELATIONS
28897981,PUBLIC-RELATIONS
51639418,PUBLIC-RELATIONS
20674668,PUBLIC-RELATIONS
23527321,PUBLIC-RELATIONS
18159866,PUBLIC-RELATIONS
22776912,PUBLIC-RELATIONS
23864648,PUBLIC-RELATIONS
18187364,PUBLIC-RELATIONS
83816738,PUBLIC-RELATIONS
20824105,PUBLIC-RELATIONS
33381211,PUBLIC-RELATIONS
16533554,PUBLIC-RELATIONS
20879311,PUBLIC-RELATIONS
31111279,PUBLIC-RELATIONS
17111768,PUBLIC-RELATIONS
11584809,PUBLIC-RELATIONS
20408458,PUBLIC-RELATIONS
91121135,FINANCE
24230851,ACCOUNTANT
40018190,DESIGNER
16186411,PUBLIC-RELATIONS
29975124,DIGITAL-MEDIA
26746496,PUBLIC-RELATIONS
89413122,PUBLIC-RELATIONS
12334140,ADVOCATE
10641230,PUBLIC-RELATIONS
10265057,PUBLIC-RELATIONS
30223363,PUBLIC-RELATIONS
15791766,FITNESS
29075857,DIGITAL-MEDIA
12763627,DIGITAL-MEDIA
39718499,ENGINEERING
27058381,FITNESS
25857360,DIGITAL-MEDIA
26768723,PUBLIC-RELATIONS
31243710,ACCOUNTANT
15297298,PUBLIC-RELATIONS
27295996,PUBLIC-RELATIONS
39413067,DIGITAL-MEDIA
48037995,ACCOUNTANT
15802627,PUBLIC-RELATIONS
51363762,PUBLIC-RELATIONS
18067556,PUBLIC-RELATIONS
27485716,FITNESS
26480367,PUBLIC-RELATIONS
81761658,PUBLIC-RELATIONS
79541391,PUBLIC-RELATIONS
23666211,ENGINEERING
12467531,AVIATION
19918523,AVIATION
62184086,AVIATION
28063132,AVIATION
29797594,AVIATION
22408666,AVIATION
13087952,AVIATION
15850434,AVIATION
28772892,AVIATION
33704389,AVIATION
16210888,AVIATION
38750659,AVIATION
90363254,AVIATION
66906212,AVIATION
34745915,AVIATION
34689720,AVIATION
48547319,AVIATION
19464810,AVIATION
28086303,AVIATION
13855004,AVIATION
35421497,AVIATION
69005326,AVIATION
18001081,AVIATION
14958913,AVIATION
13296856,AVIATION
63391085,AVIATION
23939133,AVIATION
96547039,AVIATION
22807104,AVIATION
23628651,AVIATION
29486525,AVIATION
22510753,AVIATION
21773106,AVIATION
34465087,AVIATION
24791126,AVIATION
15899269,AVIATION
37402097,AVIATION
36206485,AVIATION
36569713,AVIATION
28013287,AVIATION
29267293,AVIATION
45286020,AVIATION
13330982,AVIATION
22551979,AVIATION
29639533,AVIATION
49285644,AVIATION
16270906,AVIATION
27531694,AVIATION
74816727,AVIATION
23398843,AVIATION
31552617,AVIATION
19556300,AVIATION
66683238,AVIATION
17311685,AVIATION
17481570,AVIATION
22884757,AVIATION
58708773,AVIATION
10527994,AVIATION
69532425,AVIATION
20399718,AVIATION
19302310,AVIATION
51209395,AVIATION
22632070,AVIATION
22056333,AVIATION
11336022,AVIATION
11616482,AVIATION
34033933,AVIATION
21531811,AVIATION
20626794,AVIATION
58665241,AVIATION
37660306,AUTOMOBILE
13583538,AVIATION
20230207,AVIATION
28642819,AVIATION
16820422,AVIATION
29930479,AVIATION
25588694,AVIATION
86597425,AVIATION
10909720,AVIATION
28933005,AVIATION
53129155,AVIATION
11943065,AVIATION
45987048,ADVOCATE
99244405,AVIATION
32067700,AVIATION
27126818,AVIATION
19786924,AVIATION
70892619,AVIATION
25729119,AVIATION
58105060,AVIATION
12587973,AVIATION
21611212,AVIATION
21550454,AVIATION
86322251,AVIATION
22968380,AVIATION
10504237,AVIATION
24240349,AVIATION
20478831,AVIATION
79663360,AVIATION
76196367,AVIATION
27524018,AVIATION
27798860,AVIATION
14445309,DESIGNER
35474904,DESIGNER
37348041,DESIGNER
89508407,DESIGNER
25873425,DESIGNER
31040875,DESIGNER
11188218,DESIGNER
73448369,DESIGNER
42164460,DESIGNER
18725071,DESIGNER
28974459,DESIGNER
38291889,DESIGNER
12171093,DESIGNER
13967854,DESIGNER
90468982,DESIGNER
49475708,DESIGNER
54067174,DESIGNER
49486820,DESIGNER
38860712,DESIGNER
16332348,DESIGNER
34970271,DESIGNER
14064815,DESIGNER
12544735,DESIGNER
20138606,DESIGNER
36694627,DESIGNER
29926588,DESIGNER
28206098,DESIGNER
20765795,DESIGNER
20272792,DESIGNER
20324037,DESIGNER
53169257,DESIGNER
24588864,DESIGNER
11963737,DESIGNER
13593241,DESIGNER
22391901,DESIGNER
10344379,ACCOUNTANT
74126637,DESIGNER
26071861,DESIGNER
24410405,DESIGNER
14146106,DESIGNER
74191424,DESIGNER
10186968,DESIGNER
20400279,DESIGNER
23427369,DESIGNER
95714702,DESIGNER
18997135,DESIGNER
11773767,DESIGNER
78538268,DESIGNER
13909762,DESIGNER
20604208,DESIGNER
72652441,DESIGNER
24754689,DESIGNER
75057933,DESIGNER
19063156,DESIGNER
91051945,DESIGNER
14176254,DESIGNER
22259475,DESIGNER
37560528,DESIGNER
23577836,DESIGNER
36392131,DESIGNER
32965335,DESIGNER
21614256,DESIGNER
97405769,DESIGNER
95970987,DESIGNER
17021141,DESIGNER
15337481,DESIGNER
75950464,DESIGNER
19518606,DESIGNER
15727656,DESIGNER
31242382,DESIGNER
29173771,DESIGNER
19108760,DESIGNER
14708590,DESIGNER
77439230,DIGITAL-MEDIA
40088790,DESIGNER
22042181,DESIGNER
29415426,DESIGNER
37333719,DESIGNER
15313140,DESIGNER
13072354,DESIGNER
20544228,DESIGNER
30741799,DESIGNER
17847636,ACCOUNTANT
80503242,DESIGNER
26456474,ACCOUNTANT
10818478,ADVOCATE
24124250,ACCOUNTANT
37640804,ACCOUNTANT
27182111,DESIGNER
11174187,ENGINEERING
47133747,ACCOUNTANT
10659182,AVIATION
35344611,CONSTRUCTION
13342150,ACCOUNTANT
28111403,DESIGNER
34327438,DIGITAL-MEDIA
15958967,DESIGNER
13115648,DESIGNER
46772262,ACCOUNTANT
38059130,DESIGNER
24695561,ACCOUNTANT
93512385,INFORMATION-TECHNOLOGY
38698573,DESIGNER
18090899,DESIGNER
23804341,ACCOUNTANT
29177904,ENGINEERING
17911230,ENGINEERING
19926135,DESIGNER
44115326,PUBLIC-RELATIONS
75435017,ACCOUNTANT
19234823,APPAREL
13809698,DESIGNER
17254634,ACCOUNTANT
28871170,DESIGNER
24946537,DIGITAL-MEDIA
28635795,DESIGNER
24763208,DESIGNER
17165107,ENGINEERING
65708020,BPO
36805025,BPO
13080868,BPO
20748929,BPO
26581830,BPO
38688388,BPO
25397102,BPO
12059198,BPO
10228751,BPO
61677751,BPO
20553895,BPO
18757174,BPO
14726000,DIGITAL-MEDIA
29208172,BPO
40792022,BPO
17095812,BPO
27850777,BPO
90629382,BPO
34797369,BPO
98379112,DIGITAL-MEDIA
37521676,BPO
10501991,BPO
18293620,BPO
19557384,BPO
15423153,BPO
20357858,BPO
12546838,BPO
24647386,BPO
23568641,BPO
22423839,BPO
19738730,BPO
32531824,BPO
34046031,DIGITAL-MEDIA
14825300,BPO
37391947,BPO
26896699,BPO
11289482,BPO
29908929,BPO
10704573,BPO
14990354,BPO
24964303,BPO
82118447,BPO
18236085,BPO
29825044,BPO
77576845,BPO
39237915,BPO
28916894,BPO
26278597,BPO
80275976,BPO
11088337,BPO
23396633,BPO
12814706,BPO
39875803,BPO
30938994,BPO
16694152,BPO
15233524,BPO
81310245,BPO
22025574,BPO
13888506,BPO
79759716,BPO
10541358,BPO
31638814,BPO
25370801,DIGITAL-MEDIA
27796199,BPO
10289113,BPO
27219200,BPO
10235211,BPO
14287992,BPO
47067533,BPO
14241621,BPO
27213082,BPO
31813535,BPO
17115815,BPO
20317319,BPO
38007664,BPO
24412546,BPO
29014805,BPO
12377803,BPO
32385553,BPO
13199813,BPO
11551946,BPO
22765255,BPO
20427934,BPO
35673335,DIGITAL-MEDIA
16846478,BPO
89197180,BPO
36574147,BPO
27004930,BPO
12230301,BPO
59696315,BPO
20633855,BPO
18311419,BPO
16091352,BPO
27375577,BPO
25813953,BPO
76916835,BPO
17730889,BPO
67501448,BPO
17421910,BPO
12632728,DESIGNER
91467795,DIGITAL-MEDIA
13574264,BPO
27139412,BPO
14070138,BPO
15811992,BPO
14871762,BPO
17597372,DIGITAL-MEDIA
18937778,BPO
14861855,BPO
36170003,BPO
27937592,BPO
16519708,BPO
17602815,BPO
28337049,BPO
33424600,BPO
32042584,BPO
14752209,BPO
31273310,BPO
14055971,BPO
95382114,BPO
23617240,ACCOUNTANT
23138078,ACCOUNTANT
51777546,ACCOUNTANT
69199666,ACCOUNTANT
93988900,DIGITAL-MEDIA
41910253,ACCOUNTANT
28670024,ACCOUNTANT
36625776,DIGITAL-MEDIA
96260484,DIGITAL-MEDIA
11378657,ACCOUNTANT
34962725,ACCOUNTANT
18365443,ACCOUNTANT
26125407,ACCOUNTANT
54934269,ACCOUNTANT
37374340,ACCOUNTANT
25328428,ACCOUNTANT
56520872,ACCOUNTANT
23944036,ACCOUNTANT
19090468,DIGITAL-MEDIA
16132195,ACCOUNTANT
27030979,ACCOUNTANT
17960690,ACCOUNTANT
17624934,ACCOUNTANT
22008817,DIGITAL-MEDIA
20835760,ACCOUNTANT
87520378,ACCOUNTANT
58879993,ACCOUNTANT
64471954,ACCOUNTANT
18714571,ACCOUNTANT
20748468,ACCOUNTANT
98300955,ACCOUNTANT
11653906,ACCOUNTANT
10466208,ACCOUNTANT
13352113,ACCOUNTANT
20110597,ACCOUNTANT
20211577,ACCOUNTANT
12315079,ACCOUNTANT
10480456,ACCOUNTANT
75297735,ACCOUNTANT
49325370,ACCOUNTANT
21866029,ACCOUNTANT
14667957,ACCOUNTANT
10062724,ACCOUNTANT
43994605,ACCOUNTANT
23814777,ACCOUNTANT
28745844,ACCOUNTANT
17864043,ACCOUNTANT
16121387,ACCOUNTANT
10076271,ACCOUNTANT
80876647,ACCOUNTANT
36861863,ACCOUNTANT
24025053,ACCOUNTANT
17545780,ACCOUNTANT
95011061,ACCOUNTANT
13565152,ACCOUNTANT
75744306,ENGINEERING
26908066,ACCOUNTANT
11704150,ACCOUNTANT
27917969,ACCOUNTANT
12613221,ACCOUNTANT
15680735,ACCOUNTANT
13575312,ACCOUNTANT
15636923,ENGINEERING
14062078,ACCOUNTANT
37001381,ACCOUNTANT
32219038,ACCOUNTANT
10251432,CONSULTANT
28423028,ACCOUNTANT
46349752,ACCOUNTANT
26958533,DIGITAL-MEDIA
23110214,ACCOUNTANT
17963031,ACCOUNTANT
60624892,DESIGNER
23918545,ACCOUNTANT
20172393,ACCOUNTANT
39082090,ACCOUNTANT
98309114,BANKING
16702198,ACCOUNTANT
45907524,ACCOUNTANT
12333703,ACCOUNTANT
15499825,ACCOUNTANT
85417107,ACCOUNTANT
33750209,DESIGNER
24548333,ACCOUNTANT
16356151,ACCOUNTANT
20736486,ACCOUNTANT
18784594,ACCOUNTANT
85421438,CHEF
33803142,ACCOUNTANT
47996197,CHEF
11605833,ACCOUNTANT
25451319,ACCOUNTANT
91478356,ACCOUNTANT
29134372,ACCOUNTANT
35579812,SALES
12938200,ACCOUNTANT
31926950,ACCOUNTANT
32563518,ACCOUNTANT
29992154,ACCOUNTANT
25974844,ACCOUNTANT
18129173,ACCOUNTANT
26585242,ACCOUNTANT
26695839,ACCOUNTANT
10568183,ACCOUNTANT
24550866,ACCOUNTANT
34594746,ACCOUNTANT
25834360,ACCOUNTANT
27090089,ACCOUNTANT
35422305,ACCOUNTANT
18484846,ARTS
18949843,ACCOUNTANT
17539842,AVIATION
36868767,ACCOUNTANT
97169343,ACCOUNTANT
31395710,ACCOUNTANT
17576030,DIGITAL-MEDIA
24444525,ENGINEERING
10268614,ENGINEERING
29792535,ENGINEERING
15932017,ENGINEERING
23063986,ENGINEERING
10816645,ENGINEERING
11522068,ENGINEERING
10568350,ENGINEERING
18767449,ENGINEERING
20457611,ENGINEERING
54259150,ENGINEERING
67032711,ENGINEERING
12019284,ENGINEERING
38650096,ENGINEERING
32651555,ENGINEERING
55746506,ENGINEERING
10235429,ENGINEERING
30757456,ENGINEERING
19037403,ENGINEERING
32636041,ENGINEERING
27974588,ENGINEERING
24251588,ENGINEERING
97123005,ENGINEERING
38642923,ENGINEERING
39805617,ENGINEERING
20565486,ENGINEERING
28669770,ENGINEERING
17660419,ENGINEERING
22855060,ENGINEERING
17163375,ENGINEERING
35302620,ENGINEERING
19599699,ENGINEERING
17286050,ENGINEERING
15293959,ENGINEERING
10428916,ENGINEERING
52684666,ENGINEERING
19774173,ENGINEERING
23011221,INFORMATION-TECHNOLOGY
13367322,ENGINEERING
16038911,ENGINEERING
30990885,ENGINEERING
12923795,ENGINEERING
20279756,ENGINEERING
25838512,ENGINEERING
17431847,ENGINEERING
28321954,ENGINEERING
11332602,ENGINEERING
17166018,ENGINEERING
29573698,ARTS
95769832,ENGINEERING
89858892,DESIGNER
22488036,AUTOMOBILE
22093368,ENGINEERING
31042953,ENGINEERING
24994145,ENGINEERING
56286525,ENGINEERING
32517106,ENGINEERING
38108845,ENGINEERING
28172023,ENGINEERING
45656814,ENGINEERING
24767027,ACCOUNTANT
25507648,ENGINEERING
17915015,ENGINEERING
36139251,ENGINEERING
16474898,ENGINEERING
25482567,ENGINEERING
29165698,ENGINEERING
27084878,ACCOUNTANT
26459032,ENGINEERING
70603826,ENGINEERING
95085510,DIGITAL-MEDIA
21238396,ENGINEERING
20255404,BPO
69666645,ENGINEERING
19938081,ACCOUNTANT
12092347,ARTS
62870550,ACCOUNTANT
76530505,ENGINEERING
10333051,ENGINEERING
29319314,DESIGNER
77266989,DESIGNER
59487170,ENGINEERING
24219583,ACCOUNTANT
27397245,ENGINEERING
29425788,ENGINEERING
11130200,SALES
10969918,ENGINEERING
21178545,ENGINEERING
12938389,ENGINEERING
57575888,ENGINEERING
37087824,ENGINEERING
21122155,DESIGNER
24708621,ENGINEERING
27903191,ENGINEERING
24905947,ARTS
75156649,ARTS
96761538,ARTS
19975121,ENGINEERING
12695799,ADVOCATE
14515954,ENGINEERING
13675377,ENGINEERING
34151183,ENGINEERING
16605352,DESIGNER
34792238,ENGINEERING
23004695,ENGINEERING
35164503,DIGITAL-MEDIA
63282405,ENGINEERING
31556198,ENGINEERING
12791244,ENGINEERING
14107571,ENGINEERING
17658471,ADVOCATE
80000092,DESIGNER
13037145,BANKING
23477199,TEACHER
29306433,ENGINEERING
90365216,ENGINEERING
54246169,INFORMATION-TECHNOLOGY
28165687,INFORMATION-TECHNOLOGY
21134923,INFORMATION-TECHNOLOGY
37292350,INFORMATION-TECHNOLOGY
84512719,INFORMATION-TECHNOLOGY
21868149,INFORMATION-TECHNOLOGY
37201447,INFORMATION-TECHNOLOGY
29897742,AVIATION
55500538,INFORMATION-TECHNOLOGY
15053703,BANKING
15603319,INFORMATION-TECHNOLOGY
69336473,INFORMATION-TECHNOLOGY
18242317,INFORMATION-TECHNOLOGY
30437583,INFORMATION-TECHNOLOGY
14140903,INFORMATION-TECHNOLOGY
17312146,INFORMATION-TECHNOLOGY
29746235,ACCOUNTANT
62994611,DIGITAL-MEDIA
38216888,INFORMATION-TECHNOLOGY
19851252,ENGINEERING
11813872,FITNESS
16849128,INFORMATION-TECHNOLOGY
23631188,ENGINEERING
24001783,INFORMATION-TECHNOLOGY
12341902,ADVOCATE
11197262,INFORMATION-TECHNOLOGY
10953078,ENGINEERING
69859102,ADVOCATE
40882926,BANKING
16653657,INFORMATION-TECHNOLOGY
24397882,APPAREL
16172429,FITNESS
36102323,INFORMATION-TECHNOLOGY
81042872,INFORMATION-TECHNOLOGY
19532392,ENGINEERING
34141299,INFORMATION-TECHNOLOGY
89740812,BANKING
20969119,ADVOCATE
27689009,DESIGNER
29510501,AVIATION
17640785,DIGITAL-MEDIA
29968330,INFORMATION-TECHNOLOGY
28733974,BANKING
15546686,INFORMATION-TECHNOLOGY
56068028,DIGITAL-MEDIA
24068423,INFORMATION-TECHNOLOGY
12674256,DIGITAL-MEDIA
27888251,INFORMATION-TECHNOLOGY
16507693,INFORMATION-TECHNOLOGY
55712978,INFORMATION-TECHNOLOGY
26835781,INFORMATION-TECHNOLOGY
26921245,INFORMATION-TECHNOLOGY
20006992,ACCOUNTANT
11676151,ACCOUNTANT
24416961,PUBLIC-RELATIONS
69360287,ENGINEERING
18264694,ADVOCATE
16661264,INFORMATION-TECHNOLOGY
26070334,INFORMATION-TECHNOLOGY
29142288,ARTS
28247753,BANKING
79536879,ADVOCATE
17499196,INFORMATION-TECHNOLOGY
79261033,BPO
16492045,ENGINEERING
18589927,FITNESS
23933031,ENGINEERING
13964744,DIGITAL-MEDIA
89512321,ENGINEERING
30709029,ENGINEERING
11183737,ENGINEERING
63158213,DIGITAL-MEDIA
24727739,ENGINEERING
15145575,FITNESS
69097572,ENGINEERING
31064969,FITNESS
38707449,ENGINEERING
57706851,DIGITAL-MEDIA
41152404,FITNESS
27710853,BPO
15573418,FITNESS
26829350,TEACHER
95625660,ENGINEERING
19362586,FITNESS
45077654,ACCOUNTANT
87118391,ARTS
33578873,ARTS
27607632,ARTS
23760084,ARTS
30083943,ARTS
20552814,ARTS
40987524,ARTS
29134721,ARTS
18062906,ARTS
29399491,ARTS
19473948,ARTS
71772815,ARTS
15765660,ARTS
29184740,ARTS
17781039,ARTS
19147947,ARTS
18328743,ARTS
37540732,ARTS
30608780,ARTS
15918496,ARTS
16223371,ARTS
79376680,ARTS
36904300,ARTS
10724818,ARTS
26994282,ARTS
20819838,ARTS
16511249,ARTS
36074301,ARTS
27624540,ARTS
20423658,ARTS
98509238,ARTS
25810233,ARTS
15273850,ARTS
26932091,ARTS
13812481,ARTS
55477468,ARTS
15973307,ARTS
22047665,ARTS
69155584,ARTS
30529547,ARTS
23296286,ARTS
10603337,ARTS
22319662,ARTS
15581242,ARTS
90682785,ARTS
98108571,ARTS
12351749,ARTS
39581020,ARTS
14267489,ARTS
25839123,ARTS
31454430,ARTS
18368613,ARTS
51349448,ARTS
17509935,ARTS
21595057,ARTS
12696104,ARTS
34303500,ARTS
10898339,ARTS
25315791,ARTS
36621169,TEACHER
17378327,ARTS
33236701,ARTS
29211919,ARTS
16121015,ARTS
19582792,ARTS
13348915,ARTS
59422148,ARTS
10138632,ARTS
29805310,ARTS
26425074,ARTS
10464113,ARTS
54101961,ARTS
92200491,ARTS
26530696,ARTS
29332616,ARTS
42304307,ARTS
12820557,ARTS
13178604,ARTS
23929500,ARTS
37360517,ARTS
28377361,ARTS
18171955,ARTS
12082377,ARTS
28198029,ARTS
28867567,ARTS
19147494,ARTS
14358578,ARTS
37735467,ARTS
65456466,ARTS
32140087,ARTS
17704246,ARTS
58428843,ARTS
70528646,ARTS
23032182,ARTS
36970996,DIGITAL-MEDIA
13637605,ARTS
55097118,ARTS
24610685,ARTS
38087844,ARTS
28139742,ARTS
17410700,ARTS
20141807,ARTS
16280971,ARTS
34131484,ARTS
18885231,ARTS
15620421,ARTS
31199035,ARTS
85918100,ARTS
14381464,ARTS
23782450,ARTS
37792474,ARTS
29928796,ARTS
55104715,ARTS
27233183,ARTS
29815762,ARTS
19156751,ARTS
27096471,DIGITAL-MEDIA
43311839,DIGITAL-MEDIA
15119529,DIGITAL-MEDIA
88907739,DIGITAL-MEDIA
31395742,DIGITAL-MEDIA
93349646,DIGITAL-MEDIA
25694422,DIGITAL-MEDIA
26291616,DIGITAL-MEDIA
11020140,DIGITAL-MEDIA
93459677,DIGITAL-MEDIA
18079050,DIGITAL-MEDIA
25213006,DIGITAL-MEDIA
14517953,DIGITAL-MEDIA
39308779,DIGITAL-MEDIA
51724595,DIGITAL-MEDIA
22259768,DIGITAL-MEDIA
10332998,DIGITAL-MEDIA
24643412,DIGITAL-MEDIA
69181350,DIGITAL-MEDIA
18856440,DIGITAL-MEDIA
15433732,DIGITAL-MEDIA
15281412,DIGITAL-MEDIA
15699744,DIGITAL-MEDIA
28951817,DIGITAL-MEDIA
38165833,DIGITAL-MEDIA
13586069,DIGITAL-MEDIA
30083884,DIGITAL-MEDIA
51432451,DIGITAL-MEDIA
31169070,DIGITAL-MEDIA
29723311,DIGITAL-MEDIA
22485475,DIGITAL-MEDIA
22556198,DIGITAL-MEDIA
30863060,DIGITAL-MEDIA
78016758,DIGITAL-MEDIA
12897903,DIGITAL-MEDIA
34875813,DIGITAL-MEDIA
11333660,DIGITAL-MEDIA
21366189,DIGITAL-MEDIA
32637306,DIGITAL-MEDIA
71888547,DIGITAL-MEDIA
29770086,DIGITAL-MEDIA
99714410,DIGITAL-MEDIA
39441617,DIGITAL-MEDIA
12374933,DIGITAL-MEDIA
20176584,DIGITAL-MEDIA
32433431,DIGITAL-MEDIA
88691367,DIGITAL-MEDIA
17025292,DIGITAL-MEDIA
23302948,DIGITAL-MEDIA
24828381,DIGITAL-MEDIA
38896303,DIGITAL-MEDIA
31217840,DIGITAL-MEDIA
38399177,DIGITAL-MEDIA
19161572,DIGITAL-MEDIA
29647215,DIGITAL-MEDIA
73075521,DIGITAL-MEDIA
17983957,DIGITAL-MEDIA
20314980,DIGITAL-MEDIA
21512769,DIGITAL-MEDIA
21568833,DIGITAL-MEDIA
27726066,DIGITAL-MEDIA
91189201,DIGITAL-MEDIA
95429627,DIGITAL-MEDIA
12526702,DIGITAL-MEDIA
92246939,DIGITAL-MEDIA
48533663,DIGITAL-MEDIA
38457612,DIGITAL-MEDIA
27788376,DIGITAL-MEDIA
31016926,DIGITAL-MEDIA
43378989,DIGITAL-MEDIA
13454871,DIGITAL-MEDIA
19936735,DIGITAL-MEDIA
33919379,DIGITAL-MEDIA
95350373,DIGITAL-MEDIA
15602094,DIGITAL-MEDIA
95792386,DIGITAL-MEDIA
28243590,DIGITAL-MEDIA
14593060,DIGITAL-MEDIA
13313917,DIGITAL-MEDIA
12251115,DIGITAL-MEDIA
20574232,DIGITAL-MEDIA
12955994,DIGITAL-MEDIA
16964217,DIGITAL-MEDIA
13215696,DIGITAL-MEDIA
29196643,DIGITAL-MEDIA
22351830,DIGITAL-MEDIA
11415967,DIGITAL-MEDIA
29297393,DIGITAL-MEDIA
18227306,DIGITAL-MEDIA
31201660,DIGITAL-MEDIA
25258040,DIGITAL-MEDIA
56792999,DIGITAL-MEDIA
22571461,DIGITAL-MEDIA
80527194,DIGITAL-MEDIA
37818861,DIGITAL-MEDIA
91116867,DIGITAL-MEDIA
14346702,DIGITAL-MEDIA
15083600,DIGITAL-MEDIA
63670997,DIGITAL-MEDIA
17307206,DIGITAL-MEDIA
67406885,DIGITAL-MEDIA
57364820,DIGITAL-MEDIA
79570655,DIGITAL-MEDIA
13569152,DIGITAL-MEDIA
65062795,DIGITAL-MEDIA
10984392,DIGITAL-MEDIA
49777184,DIGITAL-MEDIA
11835339,DIGITAL-MEDIA
21156767,DIGITAL-MEDIA
26234972,DIGITAL-MEDIA
15535920,DIGITAL-MEDIA
26919036,DIGITAL-MEDIA
57601040,DIGITAL-MEDIA
29076405,DIGITAL-MEDIA
26167298,DIGITAL-MEDIA
13837784,CHEF
16509761,CHEF
29915354,CHEF
82929064,CHEF
10515955,CHEF
14945250,CHEF
28609364,CHEF
19861776,CHEF
14036515,CHEF
11005406,CHEF
17132168,ARTS
15353911,ADVOCATE
18501746,CHEF
26341987,CHEF
27419236,DIGITAL-MEDIA
13328680,CHEF
17584743,CHEF
14761906,AVIATION
31162167,BANKING
15226699,ENGINEERING
25525152,CHEF
13343786,ENGINEERING
15484097,ENGINEERING
25723793,ARTS
19444529,CHEF
33893326,CHEF
18442517,DIGITAL-MEDIA
40883703,CHEF
27981289,CHEF
18900722,BPO
28109594,ADVOCATE
31929166,BANKING
24574164,CHEF
23085604,DIGITAL-MEDIA
27080812,CHEF
14209965,CHEF
20330739,DIGITAL-MEDIA
37739183,BANKING
14771530,CHEF
62700506,DIGITAL-MEDIA
34319869,CHEF
30999638,CHEF
11677012,CHEF
18525641,CHEF
91539554,BANKING
13503650,CHEF
23864858,CHEF
24658786,CHEF
39166680,CHEF
25038571,CHEF
33542483,CHEF
58915642,CHEF
18927233,CHEF
16893572,CHEF
18488289,CHEF
31909493,CHEF
29002596,CHEF
73282756,CHEF
94492380,CHEF
18905648,CHEF
70196518,BANKING
56952849,CHEF
40311088,BANKING
19053815,CHEF
10005171,BANKING
26160200,CHEF
59011090,CHEF
34583750,CHEF
22380187,CHEF
24953921,CHEF
20490741,CHEF
21125113,CHEF
11270462,BANKING
90685127,CHEF
20628003,CHEF
30504149,CHEF
25706337,CHEF
91318828,CHEF
42156237,CHEF
80679862,CHEF
16276121,CHEF
27921561,CHEF
50219114,CHEF
30864828,CHEF
17562754,CHEF
24679149,CHEF
81508860,CHEF
28679359,CHEF
14556869,BANKING
23810469,CHEF
16536141,CHEF
12085736,CHEF
20210676,CHEF
22706174,CHEF
18354623,CHEF
17432318,DIGITAL-MEDIA
11797122,HEALTHCARE
16332293,HEALTHCARE
28790806,HEALTHCARE
91515108,TEACHER
32109048,ENGINEERING
11152490,ADVOCATE
99680385,ADVOCATE
15790602,ENGINEERING
17510973,ACCOUNTANT
23522150,SALES
11257723,ENGINEERING
14455622,HEALTHCARE
84295343,DESIGNER
78357954,ENGINEERING
24703983,HR
47487091,HR
23009962,DIGITAL-MEDIA
22732234,DESIGNER
18448085,INFORMATION-TECHNOLOGY
11887930,ADVOCATE
14508237,ARTS
15100547,DESIGNER
97449528,ENGINEERING
26341645,PUBLIC-RELATIONS
82140102,DESIGNER
17571262,ENGINEERING
32069695,BANKING
22946204,BUSINESS-DEVELOPMENT
63989974,PUBLIC-RELATIONS
15484011,ENGINEERING
18932512,DESIGNER
15210069,ENGINEERING
25047127,ARTS
22452756,HEALTHCARE
24592627,DESIGNER
51508889,AUTOMOBILE
15180322,SALES
24221960,SALES
24673903,SALES
19007667,SALES
30311202,SALES
11121498,SALES
32518109,SALES
26718039,SALES
23568731,SALES
14663897,SALES
21904897,SALES
23591247,SALES
16594812,SALES
19831366,SALES
16804396,SALES
92122785,SALES
27831220,SALES
13411858,SALES
25924968,SALES
34252537,SALES
81373857,SALES
92985983,SALES
34452806,SALES
21611637,SALES
13095891,SALES
12717345,SALES
23841877,SALES
23032276,SALES
32605413,SALES
65373280,SALES
27909372,SALES
47603843,SALES
11444536,SALES
25953797,SALES
23185829,SALES
21869994,SALES
28424982,SALES
47317494,SALES
29784524,SALES
10001727,SALES
74522938,SALES
91591026,SALES
21511817,SALES
35468363,SALES
37231163,SALES
16924102,SALES
28092317,SALES
16855929,SALES
29211359,SALES
27820360,SALES
48580330,SALES
29072179,SALES
94047639,SALES
21622444,SALES
33964275,SALES
21101152,SALES
25128608,SALES
18825446,SALES
61322296,SALES
20817322,SALES
29449419,SALES
20321582,SALES
19285236,SALES
13264154,SALES
47729453,SALES
51554903,SALES
14569498,SALES
22561438,SALES
12420359,SALES
16248476,SALES
10653119,SALES
11209758,SALES
86551046,SALES
23807940,SALES
29775391,SALES
53265899,SALES
38309905,SALES
29772450,SALES
21334981,SALES
10276858,SALES
10588874,SALES
35157762,SALES
91072502,SALES
13212436,SALES
15261348,SALES
27662298,SALES
16066857,SALES
30337969,SALES
10333299,SALES
28396528,SALES
19268120,SALES
20691949,SALES
26189601,SALES
30826569,SALES
91268638,SALES
18036030,ENGINEERING
36366044,SALES
23398733,DESIGNER
29990140,TEACHER
30128072,DESIGNER
28176889,SALES
10889157,SALES
19951766,SALES
57262959,SALES
20033302,BPO
24709432,HEALTHCARE
62555739,ENGINEERING
31547476,ENGINEERING
18480859,SALES
12254068,ACCOUNTANT
11432686,ADVOCATE
25452321,SALES
28230807,SALES
15354126,SALES
12155206,AVIATION
27298953,SALES
68338341,SALES
22349169,SALES
11877150,APPAREL
86549455,APPAREL
26530575,APPAREL
23955183,APPAREL
24854026,DIGITAL-MEDIA
48285304,APPAREL
14722634,APPAREL
27789372,APPAREL
26767199,APPAREL
15891494,APPAREL
78229715,APPAREL
22720697,APPAREL
70541112,APPAREL
20705888,APPAREL
28522529,APPAREL
19147603,APPAREL
11490673,APPAREL
84356308,APPAREL
91564103,APPAREL
22622351,APPAREL
61634281,APPAREL
24530382,APPAREL
27018361,APPAREL
92524964,APPAREL
19405513,APPAREL
17775916,APPAREL
18975686,APPAREL
28758002,APPAREL
59938965,APPAREL
28396458,APPAREL
27914096,APPAREL
57088974,APPAREL
26231609,APPAREL
20836112,APPAREL
28398216,APPAREL
26961846,APPAREL
37931076,APPAREL
16426777,APPAREL
26750846,APPAREL
28623782,APPAREL
81677620,APPAREL
14413148,APPAREL
76454959,APPAREL
11441764,APPAREL
24411323,APPAREL
33685988,APPAREL
62850928,APPAREL
34250007,APPAREL
74849878,APPAREL
25497147,APPAREL
31948488,APPAREL
18640927,APPAREL
77638654,APPAREL
38441665,APPAREL
18072085,APPAREL
14408510,APPAREL
12858898,APPAREL
24670867,APPAREL
29648950,DIGITAL-MEDIA
27330027,APPAREL
17880988,APPAREL
15011085,APPAREL
20977412,APPAREL
26013403,APPAREL
84373843,APPAREL
21912637,APPAREL
14181049,APPAREL
29998869,APPAREL
18024825,APPAREL
28973180,APPAREL
23573064,APPAREL
10549585,APPAREL
23354541,APPAREL
29494962,APPAREL
81217013,APPAREL
39675895,APPAREL
12071138,APPAREL
25330083,APPAREL
69487178,APPAREL
86595128,APPAREL
74512244,APPAREL
25678238,APPAREL
38907798,APPAREL
58165257,APPAREL
93653247,APPAREL
29612672,APPAREL
66741193,APPAREL
24553863,APPAREL
16449850,APPAREL
47410104,APPAREL
38225199,APPAREL
14106638,APPAREL
19243556,APPAREL
20880935,APPAREL
95519832,APPAREL
39295103,APPAREL
25101183,APPAREL
88038965,APPAREL
17392859,APPAREL
20969845,APPAREL
20275356,APPAREL
59818742,APPAREL
72136463,APPAREL
98513424,APPAREL
15717923,APPAREL
24833063,APPAREL
15792052,DIGITAL-MEDIA
59450123,APPAREL
24611721,APPAREL
15224503,APPAREL
27409087,APPAREL
20918464,APPAREL
19540089,APPAREL
28724469,APPAREL
18636651,APPAREL
59777056,APPAREL
22492537,APPAREL
24967652,APPAREL
24533931,TEACHER
21807211,TEACHER
71767359,TEACHER
27694040,TEACHER
15535408,TEACHER
13386301,TEACHER
27091280,TEACHER
14413257,AUTOMOBILE
11677077,ARTS
29521434,TEACHER
50324968,TEACHER
13764840,TEACHER
19070271,HEALTHCARE
56151548,AVIATION
16391949,TEACHER
13418452,DIGITAL-MEDIA
27099856,TEACHER
26046878,DIGITAL-MEDIA
35121930,TEACHER
10182582,TEACHER
12669075,ENGINEERING
16915389,TEACHER
12668625,ADVOCATE
14698557,ENGINEERING
27549075,BANKING
31225895,TEACHER
15479281,BANKING
26691587,TEACHER
11232471,TEACHER
21007083,TEACHER
20905088,FINANCE
16723524,TEACHER
14937492,ENGINEERING
72807293,TEACHER
30344127,TEACHER
23719943,TEACHER
58208591,DESIGNER
15154822,AUTOMOBILE
46514339,TEACHER
11409460,ENGINEERING
99806115,ARTS
29640922,TEACHER
12860543,AUTOMOBILE
29764492,AUTOMOBILE
91533580,TEACHER
13807808,AUTOMOBILE
16605640,DESIGNER
17714174,BPO
28998957,BPO
71499299,FITNESS
30430249,TEACHER
10876132,DESIGNER
18509268,TEACHER
35571205,ARTS
23190306,TEACHER
29028935,ARTS
12059610,TEACHER
26829561,ENGINEERING
78273826,TEACHER
27176039,ENGINEERING
22249155,TEACHER
25142074,TEACHER
19402977,TEACHER
13858219,TEACHER
15746146,AUTOMOBILE
17659053,ENGINEERING
26586477,TEACHER
37750854,TEACHER
33665485,TEACHER
26098594,DESIGNER
91026230,ENGINEERING
16985289,TEACHER
54308684,ADVOCATE
10562768,FITNESS
41586420,ADVOCATE
21570485,ENGINEERING
12122372,TEACHER
14304010,TEACHER
36136569,TEACHER
35603950,TEACHER
52252936,DESIGNER
70750649,BANKING
43852883,TEACHER
31761591,TEACHER
31362807,TEACHER
24516163,TEACHER
20504094,TEACHER
24989856,BANKING
16500168,TEACHER
35985133,ENGINEERING
22852364,ACCOUNTANT
83566455,TEACHER
10738095,TEACHER
36094883,TEACHER
19714635,TEACHER
56025640,HEALTHCARE
25543217,ENGINEERING
14206561,FINANCE
15139979,FINANCE
44624796,FINANCE
54227873,FINANCE
28005884,FINANCE
82246962,FINANCE
13149176,FINANCE
12022566,FINANCE
20981299,FINANCE
25919149,FINANCE
86828820,FINANCE
28320387,FINANCE
27756469,FINANCE
14049846,FINANCE
43752620,FINANCE
74236636,FINANCE
47549345,FINANCE
28505854,FINANCE
38535335,FINANCE
25608963,FINANCE
24647794,FINANCE
16803215,FINANCE
37335325,FINANCE
81125166,FINANCE
32081266,FINANCE
25797445,FINANCE
28831378,FINANCE
50328713,FINANCE
27040860,FINANCE
21807224,FINANCE
17926546,FINANCE
20882041,FINANCE
56691064,FINANCE
64755882,FINANCE
30097175,FINANCE
28628090,FINANCE
19612167,FINANCE
21298336,FINANCE
25930778,FINANCE
31684925,FINANCE
39855211,FINANCE
12518008,FINANCE
20566550,FINANCE
55953734,FINANCE
23234047,FINANCE
38314236,FINANCE
25425322,FINANCE
55595908,FINANCE
28631840,FINANCE
23438227,FINANCE
35737840,FINANCE
90280583,FINANCE
51588273,FINANCE
15601399,FINANCE
64468610,FINANCE
28078163,FINANCE
31677347,FINANCE
28762662,FINANCE
15858254,FINANCE
16911115,ACCOUNTANT
27152464,FINANCE
35651876,FINANCE
19124258,FINANCE
24322804,FINANCE
12488356,FINANCE
26834746,FINANCE
32985311,FINANCE
39835894,FINANCE
21847415,FINANCE
30288581,FINANCE
36149549,FINANCE
17103000,FINANCE
12011623,FINANCE
12748557,FINANCE
28923650,FINANCE
30542184,CONSULTANT
19396040,FINANCE
35389360,FINANCE
36517781,FINANCE
15941675,FINANCE
19397727,FINANCE
47919212,FINANCE
10712803,FINANCE
14554542,FINANCE
22605864,FINANCE
49127329,FINANCE
10219099,FINANCE
82125182,FINANCE
22890839,FINANCE
17108676,FINANCE
17488801,FINANCE
23497307,FINANCE
19553067,FINANCE
11981094,FINANCE
17043822,FINANCE
21038022,FINANCE
60004873,FINANCE
38220146,AUTOMOBILE
47276718,FINANCE
28630325,FINANCE
13264796,FINANCE
96029688,FINANCE
32802563,FINANCE
18753367,FINANCE
26456899,FINANCE
10985403,FINANCE
10030015,FINANCE
86209934,FINANCE
11890896,FINANCE
10624813,FINANCE
61579998,FINANCE
62071407,FINANCE
12472574,FINANCE
31694970,FINANCE
33685075,FINANCE
77828437,FINANCE
35172961,FINANCE
21629057,FINANCE
15906625,HR
30361788,HR
21031285,HR
25749150,HR
12338274,HR
33527446,HR
12442909,HR
37997506,HR
37370455,HR
10554236,HR
31602598,HR
19545827,HR
14470533,HR
43685045,HR
18365791,HR
14224370,HR
21794875,HR
23734441,HR
39115899,HR
23139819,HR
42487883,HR
23636277,HR
21338490,APPAREL
14491649,HR
17407184,HR
30813919,HR
78403342,HR
20393721,HR
24817041,HR
27980446,HR
25462793,HR
29456173,HR
59403481,HR
13491889,HR
25846894,HR
53640713,HR
11163645,HR
23513618,HR
75286906,HR
20253563,HR
16237710,HR
13294301,HR
13130984,HR
25127518,HR
24799301,HR
25067742,HR
15821633,HR
15363277,HR
18132924,HR
63137898,HR
21763056,HR
20624984,HR
25935030,HR
17556527,HR
28939941,HR
28359817,HR
20345168,HR
14496667,HR
25862026,HR
23246831,HR
49204385,HR
12802330,HR
22925443,HR
28614791,HR
30304575,HR
26065877,HR
29821051,HR
29999135,HR
21853199,HR
39674178,HR
14449423,HR
25547145,HR
14055988,HR
27637576,HR
49997097,HR
27558837,HR
14126433,HR
34198885,HR
62809577,HR
12065211,HR
23416654,HR
38847011,HR
27573855,HR
15592167,HR
20082776,HR
10674770,HR
24294778,HR
11759079,HR
18669563,HR
18569929,HR
80053367,HR
87635012,HR
24703009,HR
25867805,HR
35554162,HR
13701259,HR
12202337,HR
19446337,HR
15289348,HR
28969385,HR
36425270,HR
78257294,HR
23438112,HR
98559931,HR
17306905,HR
12780508,HR
26975573,HR
28298773,HR
29050809,HR
34816637,HR
22465498,HR
24103168,HR
36024962,HR
18635654,HR
50222417,HR
23387174,HR
13072019,HR
82649935,HR
99433371,CONSULTANT
10734870,CONSULTANT
18472240,CONSULTANT
71576860,CONSULTANT
29087505,CONSULTANT
22965804,CONSULTANT
33141415,CONSULTANT
26509539,CONSULTANT
36331163,CONSULTANT
25656981,CONSULTANT
26091595,CONSULTANT
11393213,CONSULTANT
14900898,CONSULTANT
25098739,CONSULTANT
78114950,CONSULTANT
35971546,CONSULTANT
22019500,CONSULTANT
12839152,CONSULTANT
16353584,CONSULTANT
29878348,CONSULTANT
28815362,CONSULTANT
15564893,CONSULTANT
12491898,CONSULTANT
29574501,CONSULTANT
32799518,CONSULTANT
28942221,CONSULTANT
10176013,CONSULTANT
16378091,CONSULTANT
16203589,CONSULTANT
63145386,CONSULTANT
13907230,CONSULTANT
21586858,CONSULTANT
61065616,CONSULTANT
19471144,CONSULTANT
17342969,CONSULTANT
10041713,CONSULTANT
24770846,CONSULTANT
24740005,CONSULTANT
14585273,CONSULTANT
28756444,CONSULTANT
10281555,CONSULTANT
48549972,CONSULTANT
17252448,CONSULTANT
15721849,CONSULTANT
56525735,CONSULTANT
51638201,CONSULTANT
94503308,CONSULTANT
27835351,CONSULTANT
38946032,CONSULTANT
39674782,DIGITAL-MEDIA
29193505,CONSULTANT
12890045,CONSULTANT
29894080,CONSULTANT
32025286,CONSULTANT
21567392,CONSULTANT
32265203,CONSULTANT
27246366,CONSULTANT
27066370,CONSULTANT
21363048,CONSULTANT
21782152,CONSULTANT
16626724,CONSULTANT
25224998,CONSULTANT
28803888,CONSULTANT
25187733,CONSULTANT
88859947,CONSULTANT
17570634,CONSULTANT
10149490,CONSULTANT
19364677,CONSULTANT
22983516,CONSULTANT
31850269,CONSULTANT
27243670,CONSULTANT
44147689,CONSULTANT
12654876,CONSULTANT
49685006,CONSULTANT
12212468,CONSULTANT
29483501,CONSULTANT
69764348,CONSULTANT
18882984,CONSULTANT
45475027,CONSULTANT
34544955,CONSULTANT
93436805,BANKING
39908485,CONSULTANT
39566718,CONSULTANT
12666174,CONSULTANT
20565849,CONSULTANT
12693146,CONSULTANT
14849103,ENGINEERING
10100240,CONSULTANT
22894544,ENGINEERING
19928941,CONSULTANT
39027764,CONSULTANT
23818675,CONSULTANT
24953126,CONSULTANT
22718826,CONSULTANT
24361598,CONSULTANT
20681037,CONSULTANT
16924279,CONSULTANT
30311725,CONSULTANT
29061628,CONSULTANT
33023370,ENGINEERING
32773331,CONSULTANT
10820510,CONSULTANT
28949406,ENGINEERING
12826414,BANKING
63083944,CONSULTANT
22546476,CONSULTANT
90032884,CONSULTANT
27187994,CONSULTANT
30397268,CONSULTANT
78298706,CONSULTANT
11650031,ENGINEERING
12695537,CONSULTANT
31392754,BANKING
23143731,BANKING
26130673,BANKING
25070914,BANKING
37913536,BANKING
14278888,BANKING
28831442,BANKING
98086373,BANKING
23673025,BANKING
10070224,BANKING
28290448,BANKING
24559558,BANKING
28862054,BANKING
14536764,DIGITAL-MEDIA
37087371,BANKING
12191094,BANKING
12920612,BANKING
14009087,DIGITAL-MEDIA
91197243,BANKING
12545844,BANKING
31292364,BANKING
11902276,BANKING
18436190,BANKING
23771896,BANKING
25413261,BANKING
49119887,BANKING
27000192,BANKING
27257013,BANKING
45900271,BANKING
22560013,BANKING
24977396,BANKING
14364597,BANKING
59346975,BANKING
11850315,BANKING
24710433,BANKING
21297828,BANKING
26330995,BANKING
30642458,BANKING
19503224,BANKING
36107065,BANKING
10554045,BANKING
29525715,ADVOCATE
15917885,BANKING
12567516,BANKING
21478007,BANKING
24590489,ACCOUNTANT
14667659,BANKING
19929506,BANKING
31220062,BANKING
26173524,BANKING
85973397,DIGITAL-MEDIA
18133495,BANKING
14128006,BANKING
16620172,BANKING
25001005,DIGITAL-MEDIA
19497420,BANKING
37375999,ENGINEERING
11160414,BANKING
85766635,BANKING
16226743,BANKING
61319162,BANKING
38056161,BANKING
65237556,BANKING
75329822,BANKING
11624880,BANKING
31211074,ARTS
21669215,BANKING
19558834,BANKING
53701275,DESIGNER
22455205,BANKING
20966771,BANKING
19072267,BANKING
21321598,BANKING
11842274,BANKING
21549195,BANKING
36671891,BANKING
51415089,DIGITAL-MEDIA
28531493,BANKING
16103783,ENGINEERING
11635137,BANKING
13129275,BANKING
20470943,TEACHER
23015611,CHEF
34712719,ADVOCATE
14910300,BANKING
21386255,ENGINEERING
88651471,INFORMATION-TECHNOLOGY
22861181,BANKING
45462344,DIGITAL-MEDIA
24677466,BANKING
23602130,BANKING
13915715,ADVOCATE
13727873,BANKING
93828034,CHEF
24491862,BANKING
29329075,ADVOCATE
33072201,BANKING
23631724,BANKING
14611516,BANKING
32441790,BANKING
12237267,BANKING
42332765,BANKING
26127853,BANKING
10926726,ENGINEERING
14966165,BANKING
22754014,BANKING
28975482,BANKING
21663616,BANKING
10873344,CHEF
41590605,BANKING
23048999,BANKING
74552449,FITNESS
79041971,FITNESS
77156708,FITNESS
24580361,FITNESS
34953092,FITNESS
17189156,FITNESS
19920687,FITNESS
26579709,FITNESS
29093426,FITNESS
33286293,FITNESS
29552167,FITNESS
69243180,FITNESS
26987539,FITNESS
17276884,FITNESS
22615491,FITNESS
45167858,FITNESS
13982572,FITNESS
3547447,FITNESS
98965485,FITNESS
38897568,FITNESS
12021752,FITNESS
19149865,FITNESS
29839396,FITNESS
15856762,FITNESS
18208580,FITNESS
17396388,FITNESS
28419927,DESIGNER
87867370,FITNESS
27120528,FITNESS
70667011,FITNESS
36302399,FITNESS
89049979,FITNESS
43375498,FITNESS
30713796,FITNESS
18805506,FITNESS
39247950,FITNESS
30127072,FITNESS
11065180,FITNESS
11637468,FITNESS
54421668,FITNESS
13393401,ACCOUNTANT
71422121,TEACHER
18457785,FITNESS
21856577,FITNESS
21645690,FITNESS
25780596,FITNESS
34185495,FITNESS
35483925,FITNESS
19374660,ENGINEERING
34758680,DIGITAL-MEDIA
21297521,FITNESS
23323001,DESIGNER
25080805,ADVOCATE
27606527,ACCOUNTANT
33872500,FITNESS
18172739,DIGITAL-MEDIA
32980197,FITNESS
11672279,FITNESS
33135102,DESIGNER
20850529,FITNESS
34783330,FITNESS
33370664,BANKING
17823436,FITNESS
15553584,FITNESS
39569771,FITNESS
11842348,FITNESS
36905896,FITNESS
13173522,BPO
25624652,DESIGNER
11262933,FITNESS
10909673,ENGINEERING
98348532,DIGITAL-MEDIA
19176318,FITNESS
17818707,ACCOUNTANT
17213671,BANKING
31025785,ENGINEERING
60489316,CONSULTANT
60182829,ACCOUNTANT
21796843,DIGITAL-MEDIA
65864767,FITNESS
11773925,ARTS
26673507,FITNESS
72876163,PUBLIC-RELATIONS
18824120,FITNESS
27884470,ENGINEERING
64589506,DIGITAL-MEDIA
29406313,DIGITAL-MEDIA
16300459,FITNESS
20992320,DIGITAL-MEDIA
73157997,FITNESS
28895997,FITNESS
28051330,ENGINEERING
25162378,FITNESS
99124477,DIGITAL-MEDIA
17131084,FITNESS
19437318,FITNESS
35564026,ENGINEERING
16407619,TEACHER
10329506,FITNESS
19911786,ADVOCATE
96493528,FITNESS
35492909,FITNESS
25200253,FITNESS
68781345,CHEF
14391434,FITNESS
14626780,APPAREL
28989677,FITNESS
41651672,FITNESS
18645964,FITNESS
18278509,FITNESS
18369400,ENGINEERING
11266906,FITNESS
31710562,FITNESS
39142536,FITNESS
21756639,CHEF
31273413,ADVOCATE
12386670,ADVOCATE
93576192,AVIATION
15306049,ADVOCATE
31114531,ADVOCATE
21060367,ADVOCATE
17325147,ADVOCATE
23752500,AVIATION
20149476,AVIATION
54100393,AVIATION
11187796,ADVOCATE
39470264,ADVOCATE
12413512,ADVOCATE
14879257,ADVOCATE
46055835,ADVOCATE
33344933,ADVOCATE
24983760,AVIATION
29148871,AVIATION
28325193,ADVOCATE
15265464,ADVOCATE
24349611,ADVOCATE
19508520,ADVOCATE
22800977,ADVOCATE
36758947,CHEF
11555549,AVIATION
32318506,ENGINEERING
73497035,ADVOCATE
12777487,AVIATION
36379931,ADVOCATE
26069113,DIGITAL-MEDIA
41950126,INFORMATION-TECHNOLOGY
20488267,ADVOCATE
22593054,DIGITAL-MEDIA
25561640,ADVOCATE
43622023,ADVOCATE
18319061,AVIATION
25923361,ADVOCATE
18106533,ADVOCATE
50432401,ADVOCATE
19724031,ACCOUNTANT
28471099,ADVOCATE
22848179,ADVOCATE
37220856,ADVOCATE
78107631,ADVOCATE
21867728,DIGITAL-MEDIA
37472265,ADVOCATE
17033567,ENGINEERING
19671909,ADVOCATE
11995013,ENGINEERING
28629430,ADVOCATE
53227466,ADVOCATE
26079779,PUBLIC-RELATIONS
83338413,ADVOCATE
18029935,ADVOCATE
16962067,ADVOCATE
14150896,ADVOCATE
27936502,TEACHER
65325317,ADVOCATE
30594821,ARTS
27164756,ADVOCATE
34146825,DIGITAL-MEDIA
99561379,ADVOCATE
54180474,ADVOCATE
37751611,AVIATION
73030450,FITNESS
39608848,BANKING
16244633,ADVOCATE
10830646,DIGITAL-MEDIA
27024099,ADVOCATE
65352424,ADVOCATE
28711616,ADVOCATE
39064638,SALES
18586076,ADVOCATE
13272204,ENGINEERING
11360471,ADVOCATE
18885767,ADVOCATE
20698469,ADVOCATE
27715131,ARTS
32794700,ADVOCATE
23139437,ARTS
23917826,ADVOCATE
20148147,DIGITAL-MEDIA
34304175,ADVOCATE
26410763,AUTOMOBILE
21809601,ARTS
27096796,ADVOCATE
25157655,ARTS
25926667,ACCOUNTANT
20356750,ENGINEERING
24061629,ACCOUNTANT
17694454,ADVOCATE
99033098,ENGINEERING
38115035,ACCOUNTANT
17857644,ENGINEERING
12334650,SALES
36019469,DESIGNER
79432080,ADVOCATE
94230796,ADVOCATE
66226673,ADVOCATE
83206166,ADVOCATE
22182279,DESIGNER
16887936,ADVOCATE
14248724,ENGINEERING
69458502,HEALTHCARE
82738323,HEALTHCARE
16833515,HEALTHCARE
11804712,HEALTHCARE
21287405,HEALTHCARE
10176815,HEALTHCARE
29221006,HEALTHCARE
23761385,HEALTHCARE
38355831,HEALTHCARE
24773845,HEALTHCARE
17876954,HEALTHCARE
36252245,HEALTHCARE
32720816,HEALTHCARE
36727173,HEALTHCARE
91431878,HEALTHCARE
42546558,HEALTHCARE
87826037,HEALTHCARE
17483843,HEALTHCARE
22232367,HEALTHCARE
70198580,HEALTHCARE
67631413,HEALTHCARE
26819872,HEALTHCARE
13234267,HEALTHCARE
26888302,HEALTHCARE
13195436,HEALTHCARE
81588968,HEALTHCARE
18268860,HEALTHCARE
14790629,ENGINEERING
12144825,FINANCE
90318913,HEALTHCARE
26279402,HEALTHCARE
94137171,HEALTHCARE
27902692,FITNESS
28186635,HEALTHCARE
42641525,HEALTHCARE
34419403,HEALTHCARE
43720116,HEALTHCARE
15618327,HEALTHCARE
14589288,HEALTHCARE
43408471,HEALTHCARE
38154903,HEALTHCARE
29167286,HEALTHCARE
11169163,HEALTHCARE
28383893,HEALTHCARE
20026169,ARTS
38047274,HEALTHCARE
16449694,ENGINEERING
11137306,HEALTHCARE
19818707,HEALTHCARE
17274759,HEALTHCARE
19506295,HEALTHCARE
50775901,HEALTHCARE
22990761,ACCOUNTANT
10945968,HEALTHCARE
12192507,HEALTHCARE
24154692,HEALTHCARE
23985183,HEALTHCARE
29161565,HEALTHCARE
11333001,HEALTHCARE
25718772,SALES
65219288,HEALTHCARE
27502951,HEALTHCARE
15823995,HEALTHCARE
22650051,HEALTHCARE
24668861,HEALTHCARE
42427521,HEALTHCARE
96457008,DIGITAL-MEDIA
38989376,HEALTHCARE
13405229,HEALTHCARE
17686472,HEALTHCARE
54232810,HEALTHCARE
25719936,PUBLIC-RELATIONS
68216398,ARTS
17983430,HEALTHCARE
92283635,HEALTHCARE
11614114,HEALTHCARE
61315605,DIGITAL-MEDIA
16850314,ENGINEERING
11959428,HEALTHCARE
10395944,HEALTHCARE
10189110,HEALTHCARE
10567764,HEALTHCARE
30148777,DESIGNER
24544244,HEALTHCARE
19284293,HEALTHCARE
11752500,HEALTHCARE
31536294,HEALTHCARE
22442947,HEALTHCARE
27512470,HEALTHCARE
14874322,HEALTHCARE
23464505,PUBLIC-RELATIONS
12504278,HEALTHCARE
58048626,ENGINEERING
15684810,HEALTHCARE
17694572,HEALTHCARE
22168194,HEALTHCARE
29595906,HEALTHCARE
77626587,HEALTHCARE
98389424,HEALTHCARE
38663892,HEALTHCARE
17152392,HEALTHCARE
49646155,HEALTHCARE
33627938,HEALTHCARE
12904972,HEALTHCARE
12239749,ADVOCATE
16279537,HEALTHCARE
17008356,HEALTHCARE
28020046,ENGINEERING
25625173,DESIGNER
29534737,HEALTHCARE
17655479,HEALTHCARE
12043694,HEALTHCARE
99416532,HEALTHCARE
24589765,ENGINEERING
31605080,HEALTHCARE
21190805,HEALTHCARE
37473139,ENGINEERING
